id,date,type,filename,url
22,2026-01-27T11:08:04,image/png,logo-4.png,https://www.healthandbeautyexpo.nl/wp-content/uploads/2026/01/logo-4.png
160,2026-01-27T11:12:32,image/svg+xml,long-right-arrow-icon.svg,https://www.healthandbeautyexpo.nl/wp-content/uploads/2021/03/long-right-arrow-icon.svg
1944,2026-01-27T12:44:31,image/jpeg,dusseldorf.jpg,https://www.healthandbeautyexpo.nl/wp-content/uploads/2026/01/dusseldorf.jpg
1945,2026-01-27T12:44:34,image/jpeg,almatyheader.jpg,https://www.healthandbeautyexpo.nl/wp-content/uploads/2026/01/almatyheader.jpg
1946,2026-01-27T12:44:37,image/jpeg,london.jpg,https://www.healthandbeautyexpo.nl/wp-content/uploads/2026/01/london.jpg
2071,2026-01-29T21:43:42,image/jpeg,utrecht.jpg,https://www.healthandbeautyexpo.nl/wp-content/uploads/2026/01/utrecht.jpg
2074,2026-01-29T21:45:18,image/jpeg,ROTTERDAM.jpg,https://www.healthandbeautyexpo.nl/wp-content/uploads/2026/01/ROTTERDAM.jpg
2078,2026-01-29T21:53:06,image/avif,AMSTERDAM.avif,https://www.healthandbeautyexpo.nl/wp-content/uploads/2026/01/AMSTERDAM.avif
2175,2026-02-04T11:43:58,image/jpeg,expo.jpg,https://www.healthandbeautyexpo.nl/wp-content/uploads/2026/02/expo.jpg
2181,2026-02-04T12:12:05,image/jpeg,Gorinchem-hallen-roltrap.jpg,https://www.healthandbeautyexpo.nl/wp-content/uploads/2026/02/Gorinchem-hallen-roltrap.jpg
2183,2026-02-04T12:12:12,image/jpeg,program-trendz.jpg,https://www.healthandbeautyexpo.nl/wp-content/uploads/2026/02/program-trendz.jpg
2201,2026-02-04T12:58:01,image/jpeg,expof-scaled.jpg,https://www.healthandbeautyexpo.nl/wp-content/uploads/2026/02/expof-scaled.jpg
2203,2026-02-04T13:06:43,image/jpeg,health.jpg,https://www.healthandbeautyexpo.nl/wp-content/uploads/2026/02/health.jpg
2210,2026-02-04T13:20:44,image/jpeg,colours_advanced_perspektive4_t01_719.jpg,https://www.healthandbeautyexpo.nl/wp-content/uploads/2026/02/colours_advanced_perspektive4_t01_719.jpg
2211,2026-02-04T13:30:46,image/jpeg,istock-everythingpossible-1368237809.jpg,https://www.healthandbeautyexpo.nl/wp-content/uploads/2026/02/istock-everythingpossible-1368237809.jpg
2216,2026-02-04T13:34:13,image/png,logo-placeholder.png,https://www.healthandbeautyexpo.nl/wp-content/uploads/2026/02/logo-placeholder.png
2223,2026-02-04T13:40:11,image/png,cropped-logo-4.png,https://www.healthandbeautyexpo.nl/wp-content/uploads/2026/01/cropped-logo-4.png
2231,2026-02-04T14:37:57,image/png,icon-2-Photoroom.png,https://www.healthandbeautyexpo.nl/wp-content/uploads/2026/02/icon-2-Photoroom.png
2232,2026-02-04T14:38:00,image/png,cropped-icon-2-Photoroom.png,https://www.healthandbeautyexpo.nl/wp-content/uploads/2026/02/cropped-icon-2-Photoroom.png
2271,2026-02-08T00:49:21,image/jpeg,Gorinchem-hallen-roltrap_0008_WhatsApp-Image-2026-02-06-at-14.40.14-3.jpg,https://www.healthandbeautyexpo.nl/wp-content/uploads/2026/02/Gorinchem-hallen-roltrap_0008_WhatsApp-Image-2026-02-06-at-14.40.14-3.jpg
2272,2026-02-08T00:49:48,image/jpeg,Gorinchem-hallen-roltrap_0009_WhatsApp-Image-2026-02-06-at-14.40.14-2.jpg,https://www.healthandbeautyexpo.nl/wp-content/uploads/2026/02/Gorinchem-hallen-roltrap_0009_WhatsApp-Image-2026-02-06-at-14.40.14-2.jpg
2273,2026-02-08T00:50:32,image/jpeg,Gorinchem-hallen-roltrap_0010_WhatsApp-Image-2026-02-06-at-14.40.14-1.jpg,https://www.healthandbeautyexpo.nl/wp-content/uploads/2026/02/Gorinchem-hallen-roltrap_0010_WhatsApp-Image-2026-02-06-at-14.40.14-1.jpg
2274,2026-02-08T00:51:59,image/jpeg,Gorinchem-hallen-roltrap_0011_WhatsApp-Image-2026-02-06-at-14.40.13.jpg,https://www.healthandbeautyexpo.nl/wp-content/uploads/2026/02/Gorinchem-hallen-roltrap_0011_WhatsApp-Image-2026-02-06-at-14.40.13.jpg
2275,2026-02-08T00:52:48,image/jpeg,Gorinchem-hallen-roltrap_0012_WhatsApp-Image-2026-02-06-at-14.40.13-8.jpg,https://www.healthandbeautyexpo.nl/wp-content/uploads/2026/02/Gorinchem-hallen-roltrap_0012_WhatsApp-Image-2026-02-06-at-14.40.13-8.jpg
2276,2026-02-08T00:53:29,image/jpeg,Gorinchem-hallen-roltrap_0013_WhatsApp-Image-2026-02-06-at-14.40.13-7.jpg,https://www.healthandbeautyexpo.nl/wp-content/uploads/2026/02/Gorinchem-hallen-roltrap_0013_WhatsApp-Image-2026-02-06-at-14.40.13-7.jpg
2277,2026-02-08T00:53:53,image/jpeg,Gorinchem-hallen-roltrap_0014_WhatsApp-Image-2026-02-06-at-14.40.13-6.jpg,https://www.healthandbeautyexpo.nl/wp-content/uploads/2026/02/Gorinchem-hallen-roltrap_0014_WhatsApp-Image-2026-02-06-at-14.40.13-6.jpg
2278,2026-02-08T00:54:14,image/jpeg,Gorinchem-hallen-roltrap_0015_WhatsApp-Image-2026-02-06-at-14.40.13-5.jpg,https://www.healthandbeautyexpo.nl/wp-content/uploads/2026/02/Gorinchem-hallen-roltrap_0015_WhatsApp-Image-2026-02-06-at-14.40.13-5.jpg
2279,2026-02-08T00:54:30,image/jpeg,Gorinchem-hallen-roltrap_0016_WhatsApp-Image-2026-02-06-at-14.40.13-4.jpg,https://www.healthandbeautyexpo.nl/wp-content/uploads/2026/02/Gorinchem-hallen-roltrap_0016_WhatsApp-Image-2026-02-06-at-14.40.13-4.jpg
2280,2026-02-08T00:54:41,image/jpeg,Gorinchem-hallen-roltrap_0017_WhatsApp-Image-2026-02-06-at-14.40.13-3.jpg,https://www.healthandbeautyexpo.nl/wp-content/uploads/2026/02/Gorinchem-hallen-roltrap_0017_WhatsApp-Image-2026-02-06-at-14.40.13-3.jpg
2281,2026-02-08T00:54:51,image/jpeg,Gorinchem-hallen-roltrap_0018_WhatsApp-Image-2026-02-06-at-14.40.13-2.jpg,https://www.healthandbeautyexpo.nl/wp-content/uploads/2026/02/Gorinchem-hallen-roltrap_0018_WhatsApp-Image-2026-02-06-at-14.40.13-2.jpg
2282,2026-02-08T00:55:03,image/jpeg,Gorinchem-hallen-roltrap_0019_WhatsApp-Image-2026-02-06-at-14.40.13-1.jpg,https://www.healthandbeautyexpo.nl/wp-content/uploads/2026/02/Gorinchem-hallen-roltrap_0019_WhatsApp-Image-2026-02-06-at-14.40.13-1.jpg
2283,2026-02-08T00:55:12,image/jpeg,Gorinchem-hallen-roltrap_0000_WhatsApp-Image-2026-02-06-at-14.40.14.jpg,https://www.healthandbeautyexpo.nl/wp-content/uploads/2026/02/Gorinchem-hallen-roltrap_0000_WhatsApp-Image-2026-02-06-at-14.40.14.jpg
2284,2026-02-08T00:55:20,image/jpeg,Gorinchem-hallen-roltrap_0001_WhatsApp-Image-2026-02-06-at-14.40.14-10.jpg,https://www.healthandbeautyexpo.nl/wp-content/uploads/2026/02/Gorinchem-hallen-roltrap_0001_WhatsApp-Image-2026-02-06-at-14.40.14-10.jpg
2285,2026-02-08T00:55:26,image/jpeg,Gorinchem-hallen-roltrap_0002_WhatsApp-Image-2026-02-06-at-14.40.14-9.jpg,https://www.healthandbeautyexpo.nl/wp-content/uploads/2026/02/Gorinchem-hallen-roltrap_0002_WhatsApp-Image-2026-02-06-at-14.40.14-9.jpg
2286,2026-02-08T00:55:34,image/jpeg,Gorinchem-hallen-roltrap_0003_WhatsApp-Image-2026-02-06-at-14.40.14-8.jpg,https://www.healthandbeautyexpo.nl/wp-content/uploads/2026/02/Gorinchem-hallen-roltrap_0003_WhatsApp-Image-2026-02-06-at-14.40.14-8.jpg
2287,2026-02-08T00:55:41,image/jpeg,Gorinchem-hallen-roltrap_0004_WhatsApp-Image-2026-02-06-at-14.40.14-7.jpg,https://www.healthandbeautyexpo.nl/wp-content/uploads/2026/02/Gorinchem-hallen-roltrap_0004_WhatsApp-Image-2026-02-06-at-14.40.14-7.jpg
2288,2026-02-08T00:55:47,image/jpeg,Gorinchem-hallen-roltrap_0005_WhatsApp-Image-2026-02-06-at-14.40.14-6.jpg,https://www.healthandbeautyexpo.nl/wp-content/uploads/2026/02/Gorinchem-hallen-roltrap_0005_WhatsApp-Image-2026-02-06-at-14.40.14-6.jpg
2289,2026-02-08T00:55:53,image/jpeg,Gorinchem-hallen-roltrap_0006_WhatsApp-Image-2026-02-06-at-14.40.14-5.jpg,https://www.healthandbeautyexpo.nl/wp-content/uploads/2026/02/Gorinchem-hallen-roltrap_0006_WhatsApp-Image-2026-02-06-at-14.40.14-5.jpg
2290,2026-02-08T00:56:01,image/jpeg,Gorinchem-hallen-roltrap_0007_WhatsApp-Image-2026-02-06-at-14.40.14-4.jpg,https://www.healthandbeautyexpo.nl/wp-content/uploads/2026/02/Gorinchem-hallen-roltrap_0007_WhatsApp-Image-2026-02-06-at-14.40.14-4.jpg
2295,2026-02-10T10:32:05,video/mp4,expo-health.mp4,https://www.healthandbeautyexpo.nl/wp-content/uploads/2026/02/expo-health.mp4
2296,2026-02-10T10:43:03,image/jpeg,Video-bg.jpg,https://www.healthandbeautyexpo.nl/wp-content/uploads/2026/02/Video-bg.jpg
2300,2026-02-10T10:47:55,image/png,logo.png,https://www.healthandbeautyexpo.nl/wp-content/uploads/2026/02/logo.png
2301,2026-02-10T10:48:06,image/png,cropped-logo.png,https://www.healthandbeautyexpo.nl/wp-content/uploads/2026/02/cropped-logo.png
2310,2026-02-10T11:11:19,image/jpeg,expo-health.jpeg,https://www.healthandbeautyexpo.nl/wp-content/uploads/2026/02/expo-health.jpeg
2312,2026-02-10T13:20:25,image/jpeg,amsterdam.jpg,https://www.healthandbeautyexpo.nl/wp-content/uploads/2026/02/amsterdam.jpg
2313,2026-02-10T13:20:28,image/jpeg,BERLIN-e1770729820465.jpg,https://www.healthandbeautyexpo.nl/wp-content/uploads/2026/02/BERLIN-e1770729820465.jpg
2314,2026-02-10T13:20:34,image/jpeg,test.jpg,https://www.healthandbeautyexpo.nl/wp-content/uploads/2026/02/test.jpg
2315,2026-02-10T14:08:36,image/jpeg,bus-scaled.jpg,https://www.healthandbeautyexpo.nl/wp-content/uploads/2026/02/bus-scaled.jpg
2316,2026-02-10T14:08:45,image/jpeg,test2t-scaled.jpg,https://www.healthandbeautyexpo.nl/wp-content/uploads/2026/02/test2t-scaled.jpg
2324,2026-02-10T14:14:28,image/jpeg,comingsoon-scaled.jpg,https://www.healthandbeautyexpo.nl/wp-content/uploads/2026/02/comingsoon-scaled.jpg
2367,2026-02-10T15:57:51,image/jpeg,mediaacc.jpg,https://www.healthandbeautyexpo.nl/wp-content/uploads/2026/02/mediaacc.jpg
2368,2026-02-10T15:57:53,image/png,press_influencer.png,https://www.healthandbeautyexpo.nl/wp-content/uploads/2026/02/press_influencer.png
2381,2026-02-10T16:25:08,image/jpeg,handshake.jpg,https://www.healthandbeautyexpo.nl/wp-content/uploads/2026/02/handshake.jpg
2453,2026-02-12T08:02:49,image/jpeg,paris.jpg,https://www.healthandbeautyexpo.nl/wp-content/uploads/2026/02/paris.jpg
2463,2026-02-12T08:17:23,image/jpeg,paris-1.jpg,https://www.healthandbeautyexpo.nl/wp-content/uploads/2026/02/paris-1.jpg
2483,2026-02-18T11:50:29,image/png,logohealth.png,https://www.healthandbeautyexpo.nl/wp-content/uploads/2026/02/logohealth.png
2484,2026-02-18T11:50:43,image/png,cropped-logohealth.png,https://www.healthandbeautyexpo.nl/wp-content/uploads/2026/02/cropped-logohealth.png
2487,2026-02-18T12:13:06,image/jpeg,acibadem.jpg,https://www.healthandbeautyexpo.nl/wp-content/uploads/2026/02/acibadem.jpg
2488,2026-02-18T12:13:09,image/jpeg,dentx.jpg,https://www.healthandbeautyexpo.nl/wp-content/uploads/2026/02/dentx.jpg
2489,2026-02-18T12:13:10,image/jpeg,dunyagoz.jpg,https://www.healthandbeautyexpo.nl/wp-content/uploads/2026/02/dunyagoz.jpg
2490,2026-02-18T12:13:12,image/jpeg,medicalpark.jpg,https://www.healthandbeautyexpo.nl/wp-content/uploads/2026/02/medicalpark.jpg
2491,2026-02-18T12:13:14,image/jpeg,medicana.jpg,https://www.healthandbeautyexpo.nl/wp-content/uploads/2026/02/medicana.jpg
2492,2026-02-18T12:13:16,image/jpeg,medipol.jpg,https://www.healthandbeautyexpo.nl/wp-content/uploads/2026/02/medipol.jpg
2493,2026-02-18T12:13:18,image/jpeg,memorial.jpg,https://www.healthandbeautyexpo.nl/wp-content/uploads/2026/02/memorial.jpg
2494,2026-02-18T12:13:19,image/jpeg,sleepy.jpg,https://www.healthandbeautyexpo.nl/wp-content/uploads/2026/02/sleepy.jpg
2502,2026-02-18T12:22:04,video/mp4,tt-expo-health-Amsterdam.mp4,https://www.healthandbeautyexpo.nl/wp-content/uploads/2026/02/tt-expo-health-Amsterdam.mp4
2569,2026-03-31T12:59:04,image/jpeg,amsterdam.jpg,https://www.healthandbeautyexpo.nl/wp-content/uploads/2026/03/amsterdam.jpg
2570,2026-03-31T13:00:50,image/jpeg,amsterdam-1.jpg,https://www.healthandbeautyexpo.nl/wp-content/uploads/2026/03/amsterdam-1.jpg
2578,2026-04-02T10:12:47,image/jpeg,rijswijk.jpg,https://www.healthandbeautyexpo.nl/wp-content/uploads/2026/04/rijswijk.jpg
2579,2026-04-02T10:12:50,image/jpeg,rijswijk-1.jpg,https://www.healthandbeautyexpo.nl/wp-content/uploads/2026/04/rijswijk-1.jpg
2593,2026-04-02T10:20:59,image/jpeg,rijswijk-afb.jpg,https://www.healthandbeautyexpo.nl/wp-content/uploads/2026/04/rijswijk-afb.jpg
2610,2026-04-10T08:24:43,image/jpeg,rijswijk-h.jpg,https://www.healthandbeautyexpo.nl/wp-content/uploads/2026/04/rijswijk-h.jpg
2611,2026-04-10T08:25:29,image/jpeg,rijswijk-1-1.jpg,https://www.healthandbeautyexpo.nl/wp-content/uploads/2026/04/rijswijk-1-1.jpg
